gene_id	genes	cluster	original_id	gene_biotype	external_gene_name	entrezgene_id	description	chromosome_name	start_position	end_position	strand
ENSG00000023445	ENSG00000023445	9	ENSG00000023445	protein_coding	BIRC3	330	baculoviral IAP repeat containing 3 [Source:HGNC Symbol;Acc:HGNC:591]	11	102317484	102339403	1
ENSG00000046653	ENSG00000046653	9	ENSG00000046653	protein_coding	GPM6B	2824	glycoprotein M6B [Source:HGNC Symbol;Acc:HGNC:4461]	X	13770939	13938638	-1
ENSG00000065923	ENSG00000065923	9	ENSG00000065923	protein_coding	SLC9A7	84679	solute carrier family 9 member A7 [Source:HGNC Symbol;Acc:HGNC:17123]	X	46599251	46759118	-1
ENSG00000079101	ENSG00000079101	9	ENSG00000079101	protein_coding	CLUL1	27098	clusterin like 1 [Source:HGNC Symbol;Acc:HGNC:2096]	18	596988	650334	1
ENSG00000081665	ENSG00000081665	9	ENSG00000081665	protein_coding	ZNF506	440515	zinc finger protein 506 [Source:HGNC Symbol;Acc:HGNC:23780]	19	19785839	19821751	-1
ENSG00000086570	ENSG00000086570	9	ENSG00000086570	protein_coding	FAT2	2196	FAT atypical cadherin 2 [Source:HGNC Symbol;Acc:HGNC:3596]	5	151504092	151591331	-1
ENSG00000091513	ENSG00000091513	9	ENSG00000091513	protein_coding	TF	7018	transferrin [Source:HGNC Symbol;Acc:HGNC:11740]	3	133746040	133796641	1
ENSG00000100505	ENSG00000100505	9	ENSG00000100505	protein_coding	TRIM9	114088	tripartite motif containing 9 [Source:HGNC Symbol;Acc:HGNC:16288]	14	50975262	51096061	-1
ENSG00000102053	ENSG00000102053	9	ENSG00000102053	protein_coding	ZC3H12B	340554	zinc finger CCCH-type containing 12B [Source:HGNC Symbol;Acc:HGNC:17407]	X	65034788	65507887	1
ENSG00000103184	ENSG00000103184	9	ENSG00000103184	protein_coding	SEC14L5	9717	SEC14 like lipid binding 5 [Source:HGNC Symbol;Acc:HGNC:29032]	16	4958330	5019157	1
ENSG00000109163	ENSG00000109163	9	ENSG00000109163	protein_coding	GNRHR	2798	gonadotropin releasing hormone receptor [Source:HGNC Symbol;Acc:HGNC:4421]	4	67737118	67754388	-1
ENSG00000110900	ENSG00000110900	9	ENSG00000110900	protein_coding	TSPAN11	441631	tetraspanin 11 [Source:HGNC Symbol;Acc:HGNC:30795]	12	30926428	30996602	1
ENSG00000111341	ENSG00000111341	9	ENSG00000111341	protein_coding	MGP	4256	matrix Gla protein [Source:HGNC Symbol;Acc:HGNC:7060]	12	14880864	14885857	-1
ENSG00000114757	ENSG00000114757	9	ENSG00000114757	protein_coding	PEX5L	51555	peroxisomal biogenesis factor 5 like [Source:HGNC Symbol;Acc:HGNC:30024]	3	179794958	180037053	-1
ENSG00000117983	ENSG00000117983	9	ENSG00000117983	protein_coding	MUC5B	727897	mucin 5B, oligomeric mucus/gel-forming [Source:HGNC Symbol;Acc:HGNC:7516]	11	1223066	1262172	1
ENSG00000118596	ENSG00000118596	9	ENSG00000118596	protein_coding	SLC16A7	9194	solute carrier family 16 member 7 [Source:HGNC Symbol;Acc:HGNC:10928]	12	59596029	59789855	1
ENSG00000120215	ENSG00000120215	9	ENSG00000120215	protein_coding	MLANA	2315	melan-A [Source:HGNC Symbol;Acc:HGNC:7124]	9	5890889	5910606	1
ENSG00000121318	ENSG00000121318	9	ENSG00000121318	protein_coding	TAS2R10	50839	taste 2 receptor member 10 [Source:HGNC Symbol;Acc:HGNC:14918]	12	10825219	10826358	-1
ENSG00000129048	ENSG00000129048	9	ENSG00000129048	protein_coding	ACKR4	51554	atypical chemokine receptor 4 [Source:HGNC Symbol;Acc:HGNC:1611]	3	132597270	132618967	1
ENSG00000130032	ENSG00000130032	9	ENSG00000130032	protein_coding	PRRG3	79057	proline rich and Gla domain 3 [Source:HGNC Symbol;Acc:HGNC:30798]	X	151694607	151705924	1
ENSG00000131484	ENSG00000131484	9	ENSG00000131484	lncRNA		NA	novel transcript	17	45533963	45534710	1
ENSG00000133392	ENSG00000133392	9	ENSG00000133392	protein_coding	MYH11	4629	myosin heavy chain 11 [Source:HGNC Symbol;Acc:HGNC:7569]	16	15703135	15857028	-1
ENSG00000138798	ENSG00000138798	9	ENSG00000138798	protein_coding	EGF	1950	epidermal growth factor [Source:HGNC Symbol;Acc:HGNC:3229]	4	109912883	110013766	1
ENSG00000139278	ENSG00000139278	9	ENSG00000139278	protein_coding	GLIPR1	11010	GLI pathogenesis related 1 [Source:HGNC Symbol;Acc:HGNC:17001]	12	75480753	75503863	1
ENSG00000139537	ENSG00000139537	9	ENSG00000139537	protein_coding	CCDC65	85478	coiled-coil domain containing 65 [Source:HGNC Symbol;Acc:HGNC:29937]	12	48904110	48931840	1
ENSG00000140749	ENSG00000140749	9	ENSG00000140749	protein_coding	IGSF6	10261	immunoglobulin superfamily member 6 [Source:HGNC Symbol;Acc:HGNC:5953]	16	21639550	21652608	-1
ENSG00000142347	ENSG00000142347	9	ENSG00000142347	protein_coding	MYO1F	4542	myosin IF [Source:HGNC Symbol;Acc:HGNC:7600]	19	8520778	8577577	-1
ENSG00000143190	ENSG00000143190	9	ENSG00000143190	protein_coding	POU2F1	5451	POU class 2 homeobox 1 [Source:HGNC Symbol;Acc:HGNC:9212]	1	167220876	167427345	1
ENSG00000144730	ENSG00000144730	9	ENSG00000144730	protein_coding	IL17RD	54756	interleukin 17 receptor D [Source:HGNC Symbol;Acc:HGNC:17616]	3	57089982	57170306	-1
ENSG00000145087	ENSG00000145087	9	ENSG00000145087	protein_coding	STXBP5L	9515	syntaxin binding protein 5L [Source:HGNC Symbol;Acc:HGNC:30757]	3	120908072	121424761	1
ENSG00000146006	ENSG00000146006	9	ENSG00000146006	protein_coding	LRRTM2	26045	leucine rich repeat transmembrane neuronal 2 [Source:HGNC Symbol;Acc:HGNC:19409]	5	138868921	138875368	-1
ENSG00000146197	ENSG00000146197	9	ENSG00000146197	protein_coding	SCUBE3	222663	signal peptide, CUB domain and EGF like domain containing 3 [Source:HGNC Symbol;Acc:HGNC:13655]	6	35213956	35253079	1
ENSG00000149609	ENSG00000149609	9	ENSG00000149609	protein_coding	C20orf144	128864	chromosome 20 open reading frame 144 [Source:HGNC Symbol;Acc:HGNC:16137]	20	33662327	33665619	1
ENSG00000151320	ENSG00000151320	9	ENSG00000151320	protein_coding	AKAP6	9472	A-kinase anchoring protein 6 [Source:HGNC Symbol;Acc:HGNC:376]	14	32329298	32837684	1
ENSG00000152932	ENSG00000152932	9	ENSG00000152932	protein_coding	RAB3C	115827	RAB3C, member RAS oncogene family [Source:HGNC Symbol;Acc:HGNC:30269]	5	58582221	58859394	1
ENSG00000154485	ENSG00000154485	9	ENSG00000154485	protein_coding	MMP21	118856	matrix metallopeptidase 21 [Source:HGNC Symbol;Acc:HGNC:14357]	10	125753580	125775821	-1
ENSG00000156711	ENSG00000156711	9	ENSG00000156711	protein_coding	MAPK13	5603	mitogen-activated protein kinase 13 [Source:HGNC Symbol;Acc:HGNC:6875]	6	36127809	36144524	1
ENSG00000157999	ENSG00000157999	9	ENSG00000157999	protein_coding	ANKRD61	100310846	ankyrin repeat domain 61 [Source:HGNC Symbol;Acc:HGNC:22467]	7	6031376	6036552	1
ENSG00000161405	ENSG00000161405	9	ENSG00000161405	protein_coding	IKZF3	22806	IKAROS family zinc finger 3 [Source:HGNC Symbol;Acc:HGNC:13178]	17	39757718	39864312	-1
ENSG00000162931	ENSG00000162931	9	ENSG00000162931	protein_coding	TRIM17	51127	tripartite motif containing 17 [Source:HGNC Symbol;Acc:HGNC:13430]	1	228407935	228416861	-1
ENSG00000162944	ENSG00000162944	9	ENSG00000162944	protein_coding	RFTN2	130132	raftlin family member 2 [Source:HGNC Symbol;Acc:HGNC:26402]	2	197568224	197676045	-1
ENSG00000162997	ENSG00000162997	9	ENSG00000162997	transcribed_unitary_pseudogene	PRORSD1P	344405	prolyl-tRNA synthetase associated domain containing 1, pseudogene [Source:HGNC Symbol;Acc:HGNC:34379]	2	55282319	55284522	1
ENSG00000163082	ENSG00000163082	9	ENSG00000163082	protein_coding	SGPP2	130367	sphingosine-1-phosphate phosphatase 2 [Source:HGNC Symbol;Acc:HGNC:19953]	2	222424543	222562621	1
ENSG00000164707	ENSG00000164707	9	ENSG00000164707	protein_coding	SLC13A4	26266	solute carrier family 13 member 4 [Source:HGNC Symbol;Acc:HGNC:15827]	7	135681231	135729258	-1
ENSG00000165646	ENSG00000165646	9	ENSG00000165646	protein_coding	SLC18A2	6571	solute carrier family 18 member A2 [Source:HGNC Symbol;Acc:HGNC:10935]	10	117241093	117279430	1
ENSG00000166455	ENSG00000166455	9	ENSG00000166455	protein_coding	C16orf46	123775	chromosome 16 open reading frame 46 [Source:HGNC Symbol;Acc:HGNC:26525]	16	81053497	81077267	-1
ENSG00000170092	ENSG00000170092	9	ENSG00000170092	protein_coding	SPDYE5	442590	speedy/RINGO cell cycle regulator family member E5 [Source:HGNC Symbol;Acc:HGNC:35464]	7	75492320	75504316	1
ENSG00000170271	ENSG00000170271	9	ENSG00000170271	protein_coding	FAXDC2	10826	fatty acid hydroxylase domain containing 2 [Source:HGNC Symbol;Acc:HGNC:1334]	5	154818492	154859252	-1
ENSG00000172159	ENSG00000172159	9	ENSG00000172159	protein_coding	FRMD3	257019	FERM domain containing 3 [Source:HGNC Symbol;Acc:HGNC:24125]	9	83242990	83538546	-1
ENSG00000172349	ENSG00000172349	9	ENSG00000172349	protein_coding	IL16	3603	interleukin 16 [Source:HGNC Symbol;Acc:HGNC:5980]	15	81159575	81314058	1
ENSG00000173678	ENSG00000173678	9	ENSG00000173678	protein_coding	SPDYE2B	100310812	speedy/RINGO cell cycle regulator family member E2B [Source:HGNC Symbol;Acc:HGNC:48334]	7	102650319	102662625	1
ENSG00000174500	ENSG00000174500	9	ENSG00000174500	protein_coding	GCSAM	257144	germinal center associated signaling and motility [Source:HGNC Symbol;Acc:HGNC:20253]	3	112120839	112133270	-1
ENSG00000175471	ENSG00000175471	9	ENSG00000175471	protein_coding	MCTP1	79772	multiple C2 and transmembrane domain containing 1 [Source:HGNC Symbol;Acc:HGNC:26183]	5	94703690	95285094	-1
ENSG00000175874	ENSG00000175874	9	ENSG00000175874	protein_coding	CREG2	200407	cellular repressor of E1A stimulated genes 2 [Source:HGNC Symbol;Acc:HGNC:14272]	2	101345550	101387503	-1
ENSG00000177807	ENSG00000177807	9	ENSG00000177807	protein_coding	KCNJ10	3766	potassium inwardly rectifying channel subfamily J member 10 [Source:HGNC Symbol;Acc:HGNC:6256]	1	159998651	160070160	-1
ENSG00000178075	ENSG00000178075	9	ENSG00000178075	protein_coding	GRAMD1C	54762	GRAM domain containing 1C [Source:HGNC Symbol;Acc:HGNC:25252]	3	113828182	113947174	1
ENSG00000178297	ENSG00000178297	9	ENSG00000178297	protein_coding	TMPRSS9	360200	transmembrane serine protease 9 [Source:HGNC Symbol;Acc:HGNC:30079]	19	2360238	2426261	1
ENSG00000178803	ENSG00000178803	9	ENSG00000178803	lncRNA	ADORA2A-AS1	646023	ADORA2A antisense RNA 1 [Source:HGNC Symbol;Acc:HGNC:37122]	22	24429206	24495074	-1
ENSG00000180178	ENSG00000180178	9	ENSG00000180178	transcribed_unprocessed_pseudogene	FAR2P1	NA	fatty acyl-CoA reductase 2 pseudogene 1 [Source:HGNC Symbol;Acc:HGNC:49284]	2	130028309	130040560	-1
ENSG00000180616	ENSG00000180616	9	ENSG00000180616	protein_coding	SSTR2	6752	somatostatin receptor 2 [Source:HGNC Symbol;Acc:HGNC:11331]	17	73165010	73176633	1
ENSG00000182700	ENSG00000182700	9	ENSG00000182700	protein_coding	IGIP	492311	IgA inducing protein [Source:HGNC Symbol;Acc:HGNC:33847]	5	140125937	140129392	1
ENSG00000183091	ENSG00000183091	9	ENSG00000183091	protein_coding	NEB	4703	nebulin [Source:HGNC Symbol;Acc:HGNC:7720]	2	151485336	151734487	-1
ENSG00000184261	ENSG00000184261	9	ENSG00000184261	protein_coding	KCNK12	56660	potassium two pore domain channel subfamily K member 12 [Source:HGNC Symbol;Acc:HGNC:6274]	2	47509290	47570985	-1
ENSG00000184956	ENSG00000184956	9	ENSG00000184956	protein_coding	MUC6	4588	mucin 6, oligomeric mucus/gel-forming [Source:HGNC Symbol;Acc:HGNC:7517]	11	1012823	1036718	-1
ENSG00000185245	ENSG00000185245	9	ENSG00000185245	protein_coding	GP1BA	2811	glycoprotein Ib platelet subunit alpha [Source:HGNC Symbol;Acc:HGNC:4439]	17	4932277	4935023	1
ENSG00000188219	ENSG00000188219	9	ENSG00000188219	protein_coding	POTEE	445582	POTE ankyrin domain family member E [Source:HGNC Symbol;Acc:HGNC:33895]	2	131209536	131265278	1
ENSG00000188933	ENSG00000188933	9	ENSG00000188933	transcribed_unprocessed_pseudogene	USP32P1	NA	ubiquitin specific peptidase 32 pseudogene 1 [Source:HGNC Symbol;Acc:HGNC:43570]	17	16796043	16802427	1
ENSG00000189423	ENSG00000189423	9	ENSG00000189423	transcribed_unprocessed_pseudogene	USP32P3	NA	ubiquitin specific peptidase 32 pseudogene 3 [Source:HGNC Symbol;Acc:HGNC:43576]	17	20424589	20431008	1
ENSG00000196604	ENSG00000196604	9	ENSG00000196604	protein_coding	POTEF	728378	POTE ankyrin domain family member F [Source:HGNC Symbol;Acc:HGNC:33905]	2	130073535	130129222	-1
ENSG00000197670	ENSG00000197670	9	ENSG00000197670	lncRNA		NA	novel transcript, antisense to ZNF217	20	53552770	53575863	1
ENSG00000197714	ENSG00000197714	9	ENSG00000197714	protein_coding	ZNF460	10794	zinc finger protein 460 [Source:HGNC Symbol;Acc:HGNC:21628]	19	57280051	57294069	1
ENSG00000197815	ENSG00000197815	9	ENSG00000197815	lncRNA		NA	novel transcript, antisense to TOM1L2	17	17858227	17860041	1
ENSG00000197822	ENSG00000197822	9	ENSG00000197822	protein_coding	OCLN	100506658	occludin [Source:HGNC Symbol;Acc:HGNC:8104]	5	69492292	69558104	1
ENSG00000198064	ENSG00000198064	9	ENSG00000198064	protein_coding	NPIPB13	613037	nuclear pore complex interacting protein family, member B13 [Source:HGNC Symbol;Acc:HGNC:41989]	16	30222897	30255268	-1
ENSG00000198711	ENSG00000198711	9	ENSG00000198711	lncRNA	SSBP3-AS1	619518	SSBP3 antisense RNA 1 [Source:HGNC Symbol;Acc:HGNC:32328]	1	54236440	54239063	1
ENSG00000204323	ENSG00000204323	9	ENSG00000204323	protein_coding	SMIM5	643008	small integral membrane protein 5 [Source:HGNC Symbol;Acc:HGNC:40030]	17	75633434	75641404	1
ENSG00000204380	ENSG00000204380	9	ENSG00000204380	lncRNA	PKP4-AS1	100129029	PKP4 antisense RNA 1 [Source:HGNC Symbol;Acc:HGNC:52580]	2	158658337	158735002	-1
ENSG00000205041	ENSG00000205041	9	ENSG00000205041	lncRNA		NA	novel transcript, sense intronic to AKT2	19	40273489	40275479	-1
ENSG00000205085	ENSG00000205085	9	ENSG00000205085	protein_coding	GARIN1A	346653	golgi associated RAB2 interactor 1A [Source:HGNC Symbol;Acc:HGNC:27998]	7	128671693	128687877	1
ENSG00000205488	ENSG00000205488	9	ENSG00000205488	lncRNA	CALML3-AS1	NA	CALML3 antisense RNA 1 [Source:HGNC Symbol;Acc:HGNC:44682]	10	5510036	5526246	-1
ENSG00000212125	ENSG00000212125	9	ENSG00000212125	unprocessed_pseudogene	TAS2R15P	NA	taste 2 receptor member 15 pseudogene [Source:HGNC Symbol;Acc:HGNC:19106]	12	10964425	10965352	-1
ENSG00000212127	ENSG00000212127	9	ENSG00000212127	protein_coding	TAS2R14	50840	taste 2 receptor member 14 [Source:HGNC Symbol;Acc:HGNC:14920]	12	10937408	11171573	-1
ENSG00000212127	ENSG00000212127	9	ENSG00000212127	protein_coding	TAS2R14	106707243	taste 2 receptor member 14 [Source:HGNC Symbol;Acc:HGNC:14920]	12	10937408	11171573	-1
ENSG00000213411	ENSG00000213411	9	ENSG00000213411	processed_pseudogene	RBM22P2	NA	RNA binding motif protein 22 pseudogene 2 [Source:HGNC Symbol;Acc:HGNC:39695]	13	30539597	30543461	-1
ENSG00000213514	ENSG00000213514	9	ENSG00000213514	processed_pseudogene		NA	novel zinc finger pseudogene (KIAA1629)	10	77730766	77734769	1
ENSG00000214262	ENSG00000214262	9	ENSG00000214262	transcribed_processed_pseudogene	ANKRD36BP1	84832	ankyrin repeat domain 36B pseudogene 1 [Source:HGNC Symbol;Acc:HGNC:28169]	1	168245565	168247343	-1
ENSG00000214837	ENSG00000214837	9	ENSG00000214837	transcribed_unprocessed_pseudogene	LINC01347	NA	long intergenic non-protein coding RNA 1347 [Source:HGNC Symbol;Acc:HGNC:50566]	1	243087710	243097299	-1
ENSG00000215156	ENSG00000215156	9	ENSG00000215156	processed_pseudogene		NA	POM121-like protein 1 pseudogene	5	34190056	34193653	1
ENSG00000218226	ENSG00000218226	9	ENSG00000218226	processed_pseudogene	TATDN2P2	NA	TatD DNase domain containing 2 pseudogene 2 [Source:HGNC Symbol;Acc:HGNC:39255]	6	158609706	158621636	-1
ENSG00000220305	ENSG00000220305	9	ENSG00000220305	processed_pseudogene	HNRNPH1P1	NA	heterogeneous nuclear ribonucleoprotein H1 pseudogene 1 [Source:HGNC Symbol;Acc:HGNC:48751]	6	159712801	159713985	-1
ENSG00000221819	ENSG00000221819	9	ENSG00000221819	lncRNA	GAS8-AS1	750	GAS8 antisense RNA 1 [Source:HGNC Symbol;Acc:HGNC:1197]	16	90028908	90029901	-1
ENSG00000223374	ENSG00000223374	9	ENSG00000223374	lncRNA		NA	novel transcript	2	241351340	241353104	-1
ENSG00000224614	ENSG00000224614	9	ENSG00000224614	lncRNA	TNK2-AS1	NA	TNK2 antisense RNA 1 [Source:HGNC Symbol;Acc:HGNC:49093]	3	195908076	195913986	1
ENSG00000224728	ENSG00000224728	9	ENSG00000224728	processed_pseudogene	IMPDH1P8	NA	inosine monophosphate dehydrogenase 1 pseudogene 8 [Source:HGNC Symbol;Acc:HGNC:33963]	3	15878047	15879571	1
ENSG00000225313	ENSG00000225313	9	ENSG00000225313	lncRNA		NA	novel transcript	1	33307348	33349245	1
ENSG00000225871	ENSG00000225871	9	ENSG00000225871	processed_pseudogene		NA	family with sequence similarity 91, member A1 (FAM91A1) pseudogene	1	148435105	148436926	1
ENSG00000226029	ENSG00000226029	9	ENSG00000226029	lncRNA	LINC01772	107984921	long intergenic non-protein coding RNA 1772 [Source:HGNC Symbol;Acc:HGNC:52562]	1	16460948	16468481	1
ENSG00000226306	ENSG00000226306	9	ENSG00000226306	transcribed_unitary_pseudogene	NPY6R	4888	neuropeptide Y receptor Y6 (pseudogene) [Source:HGNC Symbol;Acc:HGNC:7959]	5	137801193	137810755	1
ENSG00000227189	ENSG00000227189	9	ENSG00000227189	lncRNA		NA	novel transcript	4	1151372	1153701	1
ENSG00000227212	ENSG00000227212	9	ENSG00000227212	processed_pseudogene	PFN1P6	NA	profilin 1 pseudogene 6 [Source:HGNC Symbol;Acc:HGNC:42988]	1	144442606	144443004	1
ENSG00000228302	ENSG00000228302	9	ENSG00000228302	lncRNA		NA	novel transcript	10	12244751	12247845	-1
ENSG00000228393	ENSG00000228393	9	ENSG00000228393	lncRNA	LINC01004	NA	long intergenic non-protein coding RNA 1004 [Source:HGNC Symbol;Acc:HGNC:48961]	7	104950315	105013068	-1
ENSG00000228434	ENSG00000228434	9	ENSG00000228434	lncRNA		NA	novel transcript	7	44004046	44007866	-1
ENSG00000228492	ENSG00000228492	9	ENSG00000228492	processed_pseudogene	RAB11FIP1P1	NA	RAB11 family interacting protein 1 pseudogene 1 [Source:HGNC Symbol;Acc:HGNC:42366]	X	74202834	74204595	1
ENSG00000228663	ENSG00000228663	9	ENSG00000228663	processed_pseudogene	PSMD10P1	NA	proteasome 26S subunit, non-ATPase, 10 pseudogene 1 [Source:HGNC Symbol;Acc:HGNC:16602]	20	50913731	50914411	1
ENSG00000229152	ENSG00000229152	9	ENSG00000229152	lncRNA	ANKRD10-IT1	NA	ANKRD10 intronic transcript 1 [Source:HGNC Symbol;Acc:HGNC:39891]	13	110894639	110899172	-1
ENSG00000229376	ENSG00000229376	9	ENSG00000229376	processed_pseudogene	CICP3	NA	capicua transcriptional repressor pseudogene 3 [Source:HGNC Symbol;Acc:HGNC:37742]	1	722092	724903	1
ENSG00000230303	ENSG00000230303	9	ENSG00000230303	lncRNA		NA	novel transcript	9	85783668	85805154	-1
ENSG00000230450	ENSG00000230450	9	ENSG00000230450	processed_pseudogene	NEK2P4	NA	NEK2 pseudogene 4 [Source:HGNC Symbol;Acc:HGNC:37818]	2	131177618	131178946	-1
ENSG00000230454	ENSG00000230454	9	ENSG00000230454	lncRNA		NA	novel transcript	3	50260303	50263358	1
ENSG00000230650	ENSG00000230650	9	ENSG00000230650	processed_pseudogene		NA	zinc finger protein 532 (ZNF532) pseudogene	2	110360608	110363737	-1
ENSG00000230982	ENSG00000230982	9	ENSG00000230982	processed_pseudogene	DSTNP1	NA	DSTN pseudogene 1 [Source:HGNC Symbol;Acc:HGNC:23769]	21	46653558	46654022	-1
ENSG00000231125	ENSG00000231125	9	ENSG00000231125	lncRNA		NA	novel transcript, sense intronic to CCT8	21	29058073	29060095	-1
ENSG00000231240	ENSG00000231240	9	ENSG00000231240	processed_pseudogene	KLF2P1	NA	Kruppel like factor 2 pseudogene 1 [Source:HGNC Symbol;Acc:HGNC:49280]	2	130036958	130038422	1
ENSG00000231340	ENSG00000231340	9	ENSG00000231340	processed_pseudogene	ACTG1P10	NA	actin gamma 1 pseudogene 10 [Source:HGNC Symbol;Acc:HGNC:155]	X	53142832	53143913	-1
ENSG00000231431	ENSG00000231431	9	ENSG00000231431	transcribed_unprocessed_pseudogene	FAR2P4	NA	fatty acyl-CoA reductase 2 pseudogene 4 [Source:HGNC Symbol;Acc:HGNC:49286]	2	131296843	131309068	1
ENSG00000231443	ENSG00000231443	9	ENSG00000231443	processed_pseudogene	PPP4R2P2	NA	PPP4R2 pseudogene 2 [Source:HGNC Symbol;Acc:HGNC:56514]	3	195937243	195938739	1
ENSG00000231609	ENSG00000231609	9	ENSG00000231609	lncRNA	EHBP1-AS1	100132215	EHBP1 antisense RNA 1 [Source:HGNC Symbol;Acc:HGNC:55766]	2	62957326	63048640	-1
ENSG00000231731	ENSG00000231731	9	ENSG00000231731	lncRNA		NA	novel transcript, antisense to IWS1	2	127455394	127514623	1
ENSG00000232300	ENSG00000232300	9	ENSG00000232300	lncRNA	FAM215B	NA	family with sequence similarity 215 member B [Source:HGNC Symbol;Acc:HGNC:43639]	17	46558830	46562795	-1
ENSG00000232406	ENSG00000232406	9	ENSG00000232406	lncRNA	EPB41L1-AS1	NA	EPB41L1 antisense RNA 1 [Source:HGNC Symbol;Acc:HGNC:55728]	20	36147281	36155760	-1
ENSG00000232457	ENSG00000232457	9	ENSG00000232457	transcribed_unprocessed_pseudogene	SLC16A6P1	NA	SLC16A6 pseudogene 1 [Source:HGNC Symbol;Acc:HGNC:48932]	17	64953683	64956546	1
ENSG00000232775	ENSG00000232775	9	ENSG00000232775	transcribed_unprocessed_pseudogene	BMS1P22	NA	BMS1 pseudogene 22 [Source:HGNC Symbol;Acc:HGNC:51603]	22	15805847	15806503	-1
ENSG00000233110	ENSG00000233110	9	ENSG00000233110	lncRNA	SORBS2-AS1	NA	SORBS2 antisense RNA 1 [Source:HGNC Symbol;Acc:HGNC:41039]	4	185587909	185594003	1
ENSG00000233122	ENSG00000233122	9	ENSG00000233122	processed_pseudogene	CTAGE7P	NA	CTAGE family member 7, pseudogene [Source:HGNC Symbol;Acc:HGNC:25111]	10	130106046	130108481	1
ENSG00000233327	ENSG00000233327	9	ENSG00000233327	transcribed_unprocessed_pseudogene	USP32P2	NA	ubiquitin specific peptidase 32 pseudogene 2 [Source:HGNC Symbol;Acc:HGNC:30751]	17	18513285	18519674	-1
ENSG00000233365	ENSG00000233365	9	ENSG00000233365	lncRNA		101929297	novel transcript	6	166236969	166256947	1
ENSG00000233589	ENSG00000233589	9	ENSG00000233589	lncRNA		NA	novel transcript	1	68479129	68483539	1
ENSG00000234945	ENSG00000234945	9	ENSG00000234945	lncRNA	GTF3C2-AS1	100505624	GTF3C2 antisense RNA 1 [Source:HGNC Symbol;Acc:HGNC:40269]	2	27335520	27342599	1
ENSG00000234983	ENSG00000234983	9	ENSG00000234983	processed_pseudogene		NA	serine/threonine kinase receptor associated protein (STRAP) pseudogene	7	42918741	42920084	1
ENSG00000235016	ENSG00000235016	9	ENSG00000235016	lncRNA	SEMA3F-AS1	100129060	SEMA3F antisense RNA 1 [Source:HGNC Symbol;Acc:HGNC:40518]	3	50116022	50156085	-1
ENSG00000235138	ENSG00000235138	9	ENSG00000235138	lncRNA		100130548	novel transcript, antisense to BRD3	9	134054290	134058805	1
ENSG00000235298	ENSG00000235298	9	ENSG00000235298	lncRNA	HNRNPK-AS1	NA	HNRNPK antisense RNA 1 [Source:HGNC Symbol;Acc:HGNC:56061]	9	83972233	83975777	1
ENSG00000235530	ENSG00000235530	9	ENSG00000235530	lncRNA	TMEM11-DT	NA	TMEM11 divergent transcript [Source:HGNC Symbol;Acc:HGNC:55671]	17	21214322	21230035	1
ENSG00000235760	ENSG00000235760	9	ENSG00000235760	lncRNA	MSH2-OT1	644093	MSH2 overlapping transcript 1 [Source:HGNC Symbol;Acc:HGNC:40319]	2	47527008	47535199	1
ENSG00000235865	ENSG00000235865	9	ENSG00000235865	lncRNA	GSN-AS1	57000	GSN antisense RNA 1 [Source:HGNC Symbol;Acc:HGNC:23372]	9	121280768	121285530	-1
ENSG00000236364	ENSG00000236364	9	ENSG00000236364	lncRNA		NA	novel transcript, antisense to UCK2	1	165889725	165900995	-1
ENSG00000236516	ENSG00000236516	9	ENSG00000236516	processed_pseudogene	KLF2P4	NA	Kruppel like factor 2 pseudogene 4 [Source:HGNC Symbol;Acc:HGNC:49283]	2	131299220	131300444	-1
ENSG00000236526	ENSG00000236526	9	ENSG00000236526	lncRNA	BTBD3-AS1	NA	BTBD3 antisense RNA 1 [Source:HGNC Symbol;Acc:HGNC:40728]	20	11909404	11918677	-1
ENSG00000237094	ENSG00000237094	9	ENSG00000237094	transcribed_unprocessed_pseudogene		NA	pseudogene similar to part of septin 14 SEPT14	1	485026	485208	-1
ENSG00000237278	ENSG00000237278	9	ENSG00000237278	processed_pseudogene	RLIMP2	NA	ring finger protein, LIM domain interacting pseudogene 2 [Source:HGNC Symbol;Acc:HGNC:39683]	1	113125321	113126883	-1
ENSG00000237301	ENSG00000237301	9	ENSG00000237301	lncRNA		NA	novel transcript	1	15586136	15603626	-1
ENSG00000237940	ENSG00000237940	9	ENSG00000237940	lncRNA	LINC01238	102723927	long intergenic non-protein coding RNA 1238 [Source:HGNC Symbol;Acc:HGNC:49795]	2	241970683	241977276	1
ENSG00000238273	ENSG00000238273	9	ENSG00000238273	lncRNA		NA	novel transcript, antisense to FHL2	2	105363038	105378839	1
ENSG00000240219	ENSG00000240219	9	ENSG00000240219	lncRNA		NA	novel transcript	1	204626775	204629712	1
ENSG00000242479	ENSG00000242479	9	ENSG00000242479	processed_pseudogene	EIF2AK1P1	NA	EIF2AK1 pseudogene 1 [Source:HGNC Symbol;Acc:HGNC:56553]	3	142450102	142452149	1
ENSG00000242516	ENSG00000242516	9	ENSG00000242516	lncRNA	LINC00960	401074	long intergenic non-protein coding RNA 960 [Source:HGNC Symbol;Acc:HGNC:48710]	3	75672251	75742048	1
ENSG00000243107	ENSG00000243107	9	ENSG00000243107	lncRNA		NA	novel transcript	7	92200014	92206857	-1
ENSG00000245275	ENSG00000245275	9	ENSG00000245275	lncRNA	SAP30L-AS1	386627	SAP30L antisense RNA 1 (head to head) [Source:HGNC Symbol;Acc:HGNC:26760]	5	154325568	154445850	-1
ENSG00000246477	ENSG00000246477	9	ENSG00000246477	lncRNA		NA	novel transcript, antisense to MTMR9	8	11315859	11325429	-1
ENSG00000247982	ENSG00000247982	9	ENSG00000247982	lncRNA	LINC00926	283663	long intergenic non-protein coding RNA 926 [Source:HGNC Symbol;Acc:HGNC:27514]	15	57300365	57307769	1
ENSG00000248483	ENSG00000248483	9	ENSG00000248483	protein_coding	POU5F2	134187	POU domain class 5, transcription factor 2 [Source:HGNC Symbol;Acc:HGNC:26367]	5	93733220	93741600	-1
ENSG00000248923	ENSG00000248923	9	ENSG00000248923	processed_pseudogene	MTND5P11	NA	MT-ND5 pseudogene 11 [Source:HGNC Symbol;Acc:HGNC:42273]	5	134924648	134926459	-1
ENSG00000249855	ENSG00000249855	9	ENSG00000249855	processed_pseudogene	EEF1A1P19	NA	eukaryotic translation elongation factor 1 alpha 1 pseudogene 19 [Source:HGNC Symbol;Acc:HGNC:37892]	5	43495073	43496454	-1
ENSG00000250033	ENSG00000250033	9	ENSG00000250033	lncRNA	SLC7A11-AS1	641364	SLC7A11 antisense RNA 1 [Source:HGNC Symbol;Acc:HGNC:44064]	4	138057464	138178177	1
ENSG00000250138	ENSG00000250138	9	ENSG00000250138	unprocessed_pseudogene		NA	POM121 membrane glycoprotein-like 1 (POM121L1) pseudogene	5	69631963	69636399	1
ENSG00000250397	ENSG00000250397	9	ENSG00000250397	lncRNA		NA	novel transcript	11	856880	859795	-1
ENSG00000250608	ENSG00000250608	9	ENSG00000250608	lncRNA	NUDT16-DT	339874	NUDT16 divergent transcript [Source:HGNC Symbol;Acc:HGNC:27947]	3	131325092	131381656	-1
ENSG00000250615	ENSG00000250615	9	ENSG00000250615	lncRNA		NA	novel transcript	5	77073881	77074520	1
ENSG00000250848	ENSG00000250848	9	ENSG00000250848	processed_pseudogene	PPP4R2P1	NA	PPP4R2 pseudogene 1 [Source:HGNC Symbol;Acc:HGNC:56513]	5	288833	290321	-1
ENSG00000251348	ENSG00000251348	9	ENSG00000251348	processed_pseudogene	HSPD1P11	NA	heat shock protein family D (Hsp60) member 1 pseudogene 11 [Source:HGNC Symbol;Acc:HGNC:35142]	5	95768999	95770700	1
ENSG00000251639	ENSG00000251639	9	ENSG00000251639	processed_pseudogene		NA	protein phosphatase 2, regulatory subunit B, delta isoform (PPP2R2D) pseudogene	4	1100016	1101558	-1
ENSG00000253213	ENSG00000253213	9	ENSG00000253213	processed_pseudogene	USP12P1	NA	USP12 pseudogene 1 [Source:HGNC Symbol;Acc:HGNC:12610]	5	171251866	171252982	1
ENSG00000253636	ENSG00000253636	9	ENSG00000253636	lncRNA		NA	novel transcript	8	73052178	73063061	1
ENSG00000253667	ENSG00000253667	9	ENSG00000253667	processed_pseudogene		NA	ESF1, nucleolar pre-rRNA processing protein, homolog (S. cerevisiae) (ESF1) pseudogene	8	53971231	53974210	1
ENSG00000253837	ENSG00000253837	9	ENSG00000253837	lncRNA	LOXL2-AS1	100507156	LOXL2 antisense RNA 1 [Source:HGNC Symbol;Acc:HGNC:56648]	8	23336171	23366125	1
ENSG00000254034	ENSG00000254034	9	ENSG00000254034	lncRNA	INTS9-AS1	NA	INTS9 antisense RNA 1 [Source:HGNC Symbol;Acc:HGNC:53139]	8	28798142	28802085	1
ENSG00000254162	ENSG00000254162	9	ENSG00000254162	lncRNA		NA	novel transcript	8	80535006	80539135	-1
ENSG00000254198	ENSG00000254198	9	ENSG00000254198	processed_pseudogene		NA	Family with sequence similarity 9, member C (FAM9C) pseudogene	8	43125995	43126397	-1
ENSG00000254363	ENSG00000254363	9	ENSG00000254363	lncRNA		101929719	novel transcript	5	140157319	140173051	1
ENSG00000254428	ENSG00000254428	9	ENSG00000254428	lncRNA		NA	novel transcript, antisense to CCDC84	11	119003742	119004893	-1
ENSG00000255423	ENSG00000255423	9	ENSG00000255423	protein_coding	EBLN2	55096	endogenous Bornavirus like nucleoprotein 2 [Source:HGNC Symbol;Acc:HGNC:25493]	3	73061659	73063337	1
ENSG00000256810	ENSG00000256810	9	ENSG00000256810	lncRNA		NA	novel transcript	12	131029110	131035487	-1
ENSG00000257298	ENSG00000257298	9	ENSG00000257298	lncRNA		NA	novel transcript, sense intronic to LIMA1	12	50185580	50191363	-1
ENSG00000257964	ENSG00000257964	9	ENSG00000257964	lncRNA		NA	novel transcript, antisense to PRPF40B	12	49576840	49577505	-1
ENSG00000258757	ENSG00000258757	9	ENSG00000258757	lncRNA		NA	novel transcript, antisense to ERO1L	14	52640839	52641566	1
ENSG00000258768	ENSG00000258768	9	ENSG00000258768	lncRNA		NA	novel transcript	14	20260480	20264308	-1
ENSG00000259224	ENSG00000259224	9	ENSG00000259224	protein_coding	SLC35G6	643664	solute carrier family 35 member G6 [Source:HGNC Symbol;Acc:HGNC:31351]	17	7481446	7483496	1
ENSG00000259291	ENSG00000259291	9	ENSG00000259291	lncRNA	ZNF710-AS1	109729181	ZNF710 antisense RNA 1 [Source:HGNC Symbol;Acc:HGNC:53141]	15	90074512	90082207	-1
ENSG00000259442	ENSG00000259442	9	ENSG00000259442	lncRNA		NA	novel transcript, antisense FSD2	15	82744223	82750289	1
ENSG00000259659	ENSG00000259659	9	ENSG00000259659	lncRNA		NA	novel transcript	15	44557829	44559188	1
ENSG00000259895	ENSG00000259895	9	ENSG00000259895	lncRNA	TEDC2-AS1	729652	TEDC2 antisense RNA 1 [Source:HGNC Symbol;Acc:HGNC:55403]	16	2464950	2468213	-1
ENSG00000259976	ENSG00000259976	9	ENSG00000259976	lncRNA		NA	novel transcript	3	114314501	114329714	-1
ENSG00000260279	ENSG00000260279	9	ENSG00000260279	lncRNA		105371414	novel transcript, antisense to ANKRD11	16	89296128	89298317	1
ENSG00000260279	ENSG00000260279	9	ENSG00000260279	lncRNA		124903757	novel transcript, antisense to ANKRD11	16	89296128	89298317	1
ENSG00000260304	ENSG00000260304	9	ENSG00000260304	lncRNA		NA	novel transcript, antisense to FUS	16	31182511	31183285	-1
ENSG00000260317	ENSG00000260317	9	ENSG00000260317	lncRNA	LINC02986	NA	long intergenic non-protein coding RNA 2986 [Source:HGNC Symbol;Acc:HGNC:56083]	8	80541300	80543104	1
ENSG00000260417	ENSG00000260417	9	ENSG00000260417	lncRNA		NA	novel transcript	16	85592266	85595720	1
ENSG00000260528	ENSG00000260528	9	ENSG00000260528	lncRNA	FAM157C	NA	family with sequence similarity 157 member C [Source:HGNC Symbol;Acc:HGNC:34081]	16	90102261	90178344	1
ENSG00000260578	ENSG00000260578	9	ENSG00000260578	lncRNA		NA	novel transcript	18	67481791	67484966	-1
ENSG00000260597	ENSG00000260597	9	ENSG00000260597	lncRNA		NA	novel transcript	12	54019910	54022589	1
ENSG00000260855	ENSG00000260855	9	ENSG00000260855	lncRNA		NA	novel transcript	1	246772301	246775772	1
ENSG00000261098	ENSG00000261098	9	ENSG00000261098	lncRNA		NA	novel transcript	11	107312132	107316271	-1
ENSG00000261324	ENSG00000261324	9	ENSG00000261324	lncRNA		NA	novel transcript, overlapping HIST4H4	12	14762504	14767931	-1
ENSG00000261326	ENSG00000261326	9	ENSG00000261326	lncRNA	LINC01355	NA	long intergenic non-protein coding RNA 1355 [Source:HGNC Symbol;Acc:HGNC:50584]	1	23281307	23287488	-1
ENSG00000261334	ENSG00000261334	9	ENSG00000261334	lncRNA		NA	novel transcript	9	129480605	129482538	-1
ENSG00000261560	ENSG00000261560	9	ENSG00000261560	lncRNA		NA	novel transcript, sense intronic to GSPT1	16	11881075	11882569	-1
ENSG00000261616	ENSG00000261616	9	ENSG00000261616	lncRNA	TTC23-AS1	NA	TTC23 antisense RNA 1 [Source:HGNC Symbol;Acc:HGNC:56675]	15	99139317	99145370	1
ENSG00000261654	ENSG00000261654	9	ENSG00000261654	lncRNA		NA	novel transcript, sense overlapping C1orf103	1	110936369	110942353	-1
ENSG00000261819	ENSG00000261819	9	ENSG00000261819	processed_pseudogene		NA	novel pseudogene KIAA2013	16	14988259	14990160	-1
ENSG00000261924	ENSG00000261924	9	ENSG00000261924	lncRNA		400627	novel transcript, antisense to RPTOR	17	80966239	80971213	-1
ENSG00000262228	ENSG00000262228	9	ENSG00000262228	lncRNA		NA	novel transcript	17	763565	765319	-1
ENSG00000263069	ENSG00000263069	9	ENSG00000263069	lncRNA	RNF213-AS1	100294362	RNF213 antisense RNA 1 [Source:HGNC Symbol;Acc:HGNC:54402]	17	80351828	80415168	-1
ENSG00000263089	ENSG00000263089	9	ENSG00000263089	lncRNA		NA	novel transcript, antisense to AKAP1	17	57092145	57096425	-1
ENSG00000263272	ENSG00000263272	9	ENSG00000263272	lncRNA		NA	novel transcript, antisense to RPAIN	17	5425139	5432876	-1
ENSG00000263276	ENSG00000263276	9	ENSG00000263276	lncRNA		NA	novel transcript	16	68224713	68227734	1
ENSG00000263786	ENSG00000263786	9	ENSG00000263786	lncRNA		NA	novel transcript, sense intronic to HN1	17	75145261	75146546	-1
ENSG00000264112	ENSG00000264112	9	ENSG00000264112	lncRNA		NA	novel transcript	17	57989039	57994850	-1
ENSG00000265194	ENSG00000265194	9	ENSG00000265194	lncRNA		NA	novel transcript, antisense MTAP	9	21858910	21861926	-1
ENSG00000265413	ENSG00000265413	9	ENSG00000265413	lncRNA		NA	novel transcript, sense intronic to PTPRM	18	8402847	8405161	1
ENSG00000265912	ENSG00000265912	9	ENSG00000265912	lncRNA		NA	novel transcript	17	64943262	64951054	1
ENSG00000266918	ENSG00000266918	9	ENSG00000266918	TEC		NA	TEC	17	45531577	45533838	1
ENSG00000266993	ENSG00000266993	9	ENSG00000266993	lncRNA		NA	novel transcript, antisense to NRD1	1	51793934	51799154	1
ENSG00000267096	ENSG00000267096	9	ENSG00000267096	lncRNA		NA	novel transcript	19	55670632	55672069	1
ENSG00000267199	ENSG00000267199	9	ENSG00000267199	lncRNA		NA	novel transcript, antisense SPIRE1	18	12438890	12448205	1
ENSG00000267270	ENSG00000267270	9	ENSG00000267270	lncRNA	PARD6G-AS1	100130522	PARD6G antisense RNA 1 [Source:HGNC Symbol;Acc:HGNC:44109]	18	80147908	80179839	1
ENSG00000267632	ENSG00000267632	9	ENSG00000267632	lncRNA		NA	novel transcript	17	42509784	42511519	1
ENSG00000268006	ENSG00000268006	9	ENSG00000268006	lncRNA	PTOV1-AS1	100506033	PTOV1 antisense RNA 1 [Source:HGNC Symbol;Acc:HGNC:44174]	19	49838639	49851676	-1
ENSG00000268205	ENSG00000268205	9	ENSG00000268205	lncRNA		NA	novel transcript	19	57304305	57308562	1
ENSG00000268218	ENSG00000268218	9	ENSG00000268218	lncRNA		NA	novel transcript, antisense to ANKRD11	16	89268104	89273044	1
ENSG00000268912	ENSG00000268912	9	ENSG00000268912	lncRNA		NA	novel transcript	19	58428632	58431148	-1
ENSG00000269570	ENSG00000269570	9	ENSG00000269570	lncRNA		NA	novel transcript, antisense to ZFP91	11	58611119	58612642	-1
ENSG00000269737	ENSG00000269737	9	ENSG00000269737	transcribed_processed_pseudogene		NA	ribosomal protein S7 (RPS7) pseudogene	1	1671990	1674397	1
ENSG00000269934	ENSG00000269934	9	ENSG00000269934	lncRNA		NA	novel transcript, antisense to OBSCN	1	228238241	228276066	-1
ENSG00000269984	ENSG00000269984	9	ENSG00000269984	lncRNA		NA	novel transcript, antisense to MYNN	3	169777192	169780334	-1
ENSG00000270110	ENSG00000270110	9	ENSG00000270110	lncRNA		NA	novel transcript, antisense to OBSCN	1	228295549	228303002	-1
ENSG00000270392	ENSG00000270392	9	ENSG00000270392	transcribed_processed_pseudogene	PFN1P2	767846	profilin 1 pseudogene 2 [Source:HGNC Symbol;Acc:HGNC:24298]	1	120432204	120434052	-1
ENSG00000271141	ENSG00000271141	9	ENSG00000271141	lncRNA		NA	novel transcript	2	178616581	178617123	1
ENSG00000271327	ENSG00000271327	9	ENSG00000271327	lncRNA		NA	novel transcript	12	89367807	89369301	1
ENSG00000271580	ENSG00000271580	9	ENSG00000271580	processed_pseudogene		NA	glycogenin 2 (GYG2) pseudogene	1	205091163	205091946	1
ENSG00000271590	ENSG00000271590	9	ENSG00000271590	lncRNA		NA	novel transcript	2	111210995	111212476	-1
ENSG00000271659	ENSG00000271659	9	ENSG00000271659	lncRNA		NA	novel transcript, antisense to PTCH1	9	95514045	95514520	1
ENSG00000271971	ENSG00000271971	9	ENSG00000271971	lncRNA		NA	novel transcript, antisense to FAM92A1	8	93715378	93716113	-1
ENSG00000272037	ENSG00000272037	9	ENSG00000272037	lncRNA		NA	novel transcript, antisense to UBR5	8	102256392	102257821	1
ENSG00000272072	ENSG00000272072	9	ENSG00000272072	lncRNA		NA	novel transcript, antisense to HBP1	7	107192559	107193300	-1
ENSG00000272335	ENSG00000272335	9	ENSG00000272335	lncRNA		NA	novel transcript	5	44826076	44828592	1
ENSG00000272338	ENSG00000272338	9	ENSG00000272338	lncRNA		NA	novel transcript	8	33360839	33361415	-1
ENSG00000272356	ENSG00000272356	9	ENSG00000272356	lncRNA		NA	novel transcript, antisense to REV3L	6	111309203	111313517	1
ENSG00000272374	ENSG00000272374	9	ENSG00000272374	lncRNA	SCUBE3-AS1	NA	SCUBE3 antisense RNA 1 [Source:HGNC Symbol;Acc:HGNC:56671]	6	35220370	35224630	-1
ENSG00000272693	ENSG00000272693	9	ENSG00000272693	transcribed_unprocessed_pseudogene	LINC03006	NA	long intergenic non-protein coding RNA 3006 [Source:HGNC Symbol;Acc:HGNC:56131]	7	65770473	65770720	-1
ENSG00000272750	ENSG00000272750	9	ENSG00000272750	lncRNA		NA	novel transcript, antisense to MIA3	1	222658867	222661512	-1
ENSG00000272807	ENSG00000272807	9	ENSG00000272807	lncRNA		NA	novel transcript, antisense to KANSL1L	2	210028417	210029156	1
ENSG00000272918	ENSG00000272918	9	ENSG00000272918	lncRNA		NA	novel transcript, antisense to MLL5	7	105102838	105105483	-1
ENSG00000272990	ENSG00000272990	9	ENSG00000272990	lncRNA		NA	novel transcript, antisense to KCNAB1	3	156523740	156524247	-1
ENSG00000273018	ENSG00000273018	9	ENSG00000273018	lncRNA	FAM106A	80039	family with sequence similarity 106 member A [Source:HGNC Symbol;Acc:HGNC:25682]	17	18511221	18551705	-1
ENSG00000273055	ENSG00000273055	9	ENSG00000273055	lncRNA		NA	novel transcript, antisense to LAMB1	7	107942116	107942740	1
ENSG00000273151	ENSG00000273151	9	ENSG00000273151	lncRNA		NA	novel transcript, antisense to GET4	7	879790	886547	-1
ENSG00000273218	ENSG00000273218	9	ENSG00000273218	lncRNA		NA	novel transcript	19	15346068	15348417	-1
ENSG00000273369	ENSG00000273369	9	ENSG00000273369	lncRNA		NA	novel transcript, antisense to GUF1	4	44693946	44694386	-1
ENSG00000273373	ENSG00000273373	9	ENSG00000273373	lncRNA	SLC16A4-AS1	NA	SLC16A4 antisense RNA 1 [Source:HGNC Symbol;Acc:HGNC:56051]	1	110370154	110373003	1
ENSG00000273374	ENSG00000273374	9	ENSG00000273374	lncRNA		NA	novel transcript	3	99802699	99806058	-1
ENSG00000273449	ENSG00000273449	9	ENSG00000273449	lncRNA		NA	novel transcript	4	163529771	163530697	1
ENSG00000273680	ENSG00000273680	9	ENSG00000273680	lncRNA		NA	novel transcript, antisense to FAR2	12	29332733	29333383	-1
ENSG00000273759	ENSG00000273759	9	ENSG00000273759	lncRNA		NA	novel transcript	20	62928621	62929297	-1
ENSG00000274290	ENSG00000274290	9	ENSG00000274290	protein_coding	H2BC6	8344	H2B clustered histone 6 [Source:HGNC Symbol;Acc:HGNC:4753]	6	26172059	26184655	1
ENSG00000274422	ENSG00000274422	9	ENSG00000274422	lncRNA		NA	novel transcript	22	22283928	22287220	-1
ENSG00000275888	ENSG00000275888	9	ENSG00000275888	lncRNA		NA	novel transcript, antisense to CSNK1D	17	82244770	82245591	1
ENSG00000275945	ENSG00000275945	9	ENSG00000275945	processed_pseudogene	EIF3FP1	NA	eukaryotic translation initiation factor 3 subunit F pseudogene 1 [Source:HGNC Symbol;Acc:HGNC:3276]	21	10330732	10331537	1
ENSG00000276115	ENSG00000276115	9	ENSG00000276115	lncRNA		NA	novel transcript, sense intronic to BICD1	12	32352349	32354144	1
ENSG00000276248	ENSG00000276248	9	ENSG00000276248	lncRNA		NA	novel transcript, sense intronic to TMCO3	13	113527260	113530621	1
ENSG00000276434	ENSG00000276434	9	ENSG00000276434	lncRNA		NA	novel transcript, sense intronic to GRTP1	13	113339450	113339958	-1
ENSG00000277151	ENSG00000277151	9	ENSG00000277151	lncRNA		NA	novel transcript	13	32782874	32788178	1
ENSG00000277152	ENSG00000277152	9	ENSG00000277152	lncRNA		NA	novel transcript	15	66860303	66867023	1
ENSG00000277693	ENSG00000277693	9	ENSG00000277693	lncRNA		NA	novel transcript	21	10328411	10342737	-1
ENSG00000277701	ENSG00000277701	9	ENSG00000277701	lncRNA		NA	novel transcript	2	97281356	97291849	1
ENSG00000278000	ENSG00000278000	9	ENSG00000278000	lncRNA		NA	novel transcript	18	80161752	80162413	1
ENSG00000278112	ENSG00000278112	9	ENSG00000278112	lncRNA		NA	novel transcript, sense intronic to RILPL1	12	123519390	123519856	-1
ENSG00000278330	ENSG00000278330	9	ENSG00000278330	lncRNA		NA	novel transcript, antisense to MBP	18	77112602	77115726	1
ENSG00000278864	ENSG00000278864	9	ENSG00000278864	TEC		NA	novel transcript	17	17181504	17183257	1
ENSG00000278876	ENSG00000278876	9	ENSG00000278876	TEC		NA	TEC	17	81862778	81863102	1
ENSG00000278985	ENSG00000278985	9	ENSG00000278985	TEC		NA	novel transcript	16	80982319	80984094	-1
ENSG00000278987	ENSG00000278987	9	ENSG00000278987	TEC		NA	TEC	16	1688355	1690536	1
ENSG00000279019	ENSG00000279019	9	ENSG00000279019	TEC		NA	TEC	16	57140896	57144586	-1
ENSG00000279089	ENSG00000279089	9	ENSG00000279089	TEC		NA	TEC	17	51183191	51186403	-1
ENSG00000279155	ENSG00000279155	9	ENSG00000279155	TEC		NA	TEC	X	48939992	48940808	1
ENSG00000279187	ENSG00000279187	9	ENSG00000279187	TEC		NA	TEC	17	81262920	81265401	1
ENSG00000279278	ENSG00000279278	9	ENSG00000279278	lncRNA		NA	novel transcript	22	22264601	22273020	1
ENSG00000279283	ENSG00000279283	9	ENSG00000279283	TEC		NA	novel transcript	12	131896500	131898239	1
ENSG00000279289	ENSG00000279289	9	ENSG00000279289	TEC		NA	TEC	6	71386852	71390829	-1
ENSG00000279342	ENSG00000279342	9	ENSG00000279342	lncRNA		NA	novel transcript, sense intronic to MSANTD2	11	124789240	124792818	-1
ENSG00000279345	ENSG00000279345	9	ENSG00000279345	lncRNA		NA	novel transcript, antisense to BRD1	22	49805452	49807208	1
ENSG00000279412	ENSG00000279412	9	ENSG00000279412	TEC		NA	novel transcript	16	70713987	70716890	1
ENSG00000279425	ENSG00000279425	9	ENSG00000279425	TEC		NA	TEC	19	24078481	24080669	1
ENSG00000279432	ENSG00000279432	9	ENSG00000279432	TEC		NA	novel transcript	17	2639297	2642418	1
ENSG00000279434	ENSG00000279434	9	ENSG00000279434	TEC		NA	TEC	14	35086035	35088059	1
ENSG00000279476	ENSG00000279476	9	ENSG00000279476	TEC		NA	novel transcript	16	81517824	81520617	1
ENSG00000279500	ENSG00000279500	9	ENSG00000279500	TEC		NA	novel transcript	12	128813186	128814750	-1
ENSG00000279530	ENSG00000279530	9	ENSG00000279530	TEC		NA	TEC	12	70321542	70324274	-1
ENSG00000279541	ENSG00000279541	9	ENSG00000279541	TEC		NA	TEC	19	57293083	57294469	-1
ENSG00000279568	ENSG00000279568	9	ENSG00000279568	TEC		NA	tec	16	2575628	2577373	-1
ENSG00000279662	ENSG00000279662	9	ENSG00000279662	TEC		NA	TEC	16	10445309	10449747	-1
ENSG00000279700	ENSG00000279700	9	ENSG00000279700	TEC		NA	novel transcript	12	132565071	132566425	1
ENSG00000279712	ENSG00000279712	9	ENSG00000279712	lncRNA		NA	novel transcript	22	47916728	47926264	1
ENSG00000279759	ENSG00000279759	9	ENSG00000279759	TEC		NA	TEC	19	40355842	40360606	1
ENSG00000279789	ENSG00000279789	9	ENSG00000279789	TEC		NA	novel transcript, sense intronic to KCTD13	16	29913144	29915337	-1
ENSG00000279794	ENSG00000279794	9	ENSG00000279794	TEC		NA	TEC	19	56149817	56150490	1
ENSG00000279803	ENSG00000279803	9	ENSG00000279803	TEC		NA	TEC	16	57142652	57144936	1
ENSG00000279833	ENSG00000279833	9	ENSG00000279833	lncRNA		NA	novel transcript, antisense to CBX7	22	39133090	39136760	1
ENSG00000279838	ENSG00000279838	9	ENSG00000279838	TEC		NA	TEC	1	185292384	185294372	-1
ENSG00000279894	ENSG00000279894	9	ENSG00000279894	TEC		NA	TEC	X	103596608	103598904	1
ENSG00000279926	ENSG00000279926	9	ENSG00000279926	TEC		NA	TEC	6	3982673	3984130	1
ENSG00000280007	ENSG00000280007	9	ENSG00000280007	lncRNA		NA	novel transcript, antisense to TUBA8	22	18110759	18131154	-1
ENSG00000280063	ENSG00000280063	9	ENSG00000280063	TEC		NA	tec	16	4346694	4348648	-1
ENSG00000280067	ENSG00000280067	9	ENSG00000280067	TEC		NA	novel transcript	16	48343755	48346058	-1
ENSG00000280138	ENSG00000280138	9	ENSG00000280138	TEC		NA	novel transcript	12	122870059	122888720	-1
ENSG00000280143	ENSG00000280143	9	ENSG00000280143	TEC		NA	novel transcript	11	117204967	117210292	1
ENSG00000280152	ENSG00000280152	9	ENSG00000280152	TEC		NA	TEC	16	75245994	75250077	-1
ENSG00000280184	ENSG00000280184	9	ENSG00000280184	TEC		NA	TEC	6	145789270	145791973	-1
ENSG00000280213	ENSG00000280213	9	ENSG00000280213	lncRNA	UCKL1-AS1	100113386	UCKL1 antisense RNA 1 [Source:HGNC Symbol;Acc:HGNC:31967]	20	63953384	63956985	1
ENSG00000280214	ENSG00000280214	9	ENSG00000280214	TEC		NA	TEC	16	67550815	67552935	-1
ENSG00000280277	ENSG00000280277	9	ENSG00000280277	TEC		NA	TEC	6	88964527	88966587	1
ENSG00000280332	ENSG00000280332	9	ENSG00000280332	TEC		NA	TEC	19	16356329	16358327	-1
ENSG00000280347	ENSG00000280347	9	ENSG00000280347	TEC		NA	TEC	7	127359785	127364759	-1
ENSG00000280388	ENSG00000280388	9	ENSG00000280388	TEC		NA	TEC	7	76043977	76045963	-1
ENSG00000280402	ENSG00000280402	9	ENSG00000280402	TEC		NA	tec	16	2578395	2579963	1
ENSG00000280434	ENSG00000280434	9	ENSG00000280434	lncRNA		NA	novel transcript, sense overlapping PARVB	22	44139365	44153626	1
ENSG00000280927	ENSG00000280927	9	ENSG00000280927	lncRNA	CTBP1-AS	285463	CTBP1 antisense RNA [Source:HGNC Symbol;Acc:HGNC:48337]	4	1210120	1218591	1
ENSG00000281026	ENSG00000281026	9	ENSG00000281026	lncRNA	N4BP2L2-IT2	116828	N4BPL2 intronic transcript 2 [Source:HGNC Symbol;Acc:HGNC:25038]	13	32504506	32509395	-1
ENSG00000281183	ENSG00000281183	9	ENSG00000281183	lncRNA	NPTN-IT1	NA	NPTN intronic transcript 1 [Source:HGNC Symbol;Acc:HGNC:45091]	15	73567012	73569294	-1
ENSG00000281195	ENSG00000281195	9	ENSG00000281195	lncRNA		NA	novel transcript	2	71373938	71376320	1
ENSG00000281207	ENSG00000281207	9	ENSG00000281207	lncRNA	SLFNL1-AS1	100507178	SLFNL1 antisense RNA 1 [Source:HGNC Symbol;Acc:HGNC:44126]	1	41014590	41043890	1
ENSG00000282798	ENSG00000282798	9	ENSG00000282798	TEC		NA	TEC	19	69167	69972	1
ENSG00000282944	ENSG00000282944	9	ENSG00000282944	lncRNA		NA	novel transcript	2	130681228	130691691	1
ENSG00000283031	ENSG00000283031	9	ENSG00000283031	lncRNA		NA	novel transcript	2	23667208	23685453	-1
ENSG00000283355	ENSG00000283355	9	ENSG00000283355	TEC		NA	TEC	4	184014035	184016382	1
ENSG00000283662	ENSG00000283662	9	ENSG00000283662	lncRNA		NA	novel transcript	16	28258686	28292173	1
ENSG00000284669	ENSG00000284669	9	ENSG00000284669	lncRNA		NA	novel transcript, antisense CSRNP1	3	39148281	39172952	1
ENSG00000284862	ENSG00000284862	9	ENSG00000284862	protein_coding	CCDC39	339829	coiled-coil domain containing 39 [Source:HGNC Symbol;Acc:HGNC:25244]	3	180602858	180684942	-1
ENSG00000285596	ENSG00000285596	9	ENSG00000285596	lncRNA		NA	novel transcript	7	44011882	44038978	-1
ENSG00000285667	ENSG00000285667	9	ENSG00000285667	lncRNA		NA	novel transcript	15	84717474	84746837	-1
ENSG00000285812	ENSG00000285812	9	ENSG00000285812	lncRNA		NA	novel transcript, antisense to C1orf159	1	1097585	1104598	1
ENSG00000285813	ENSG00000285813	9	ENSG00000285813	lncRNA		NA	novel transcript, antisense to MSANTD4	11	105995185	105999213	1
ENSG00000285979	ENSG00000285979	9	ENSG00000285979	lncRNA		NA	novel transcript, antisense to FAM192A	16	57177349	57181390	1
ENSG00000286004	ENSG00000286004	9	ENSG00000286004	lncRNA		NA	novel transcript, antisense to TNK2	3	195900986	195903417	1
ENSG00000286018	ENSG00000286018	9	ENSG00000286018	lncRNA		NA	novel transcript, antisense to CCT8	21	29063446	29064368	1
ENSG00000286025	ENSG00000286025	9	ENSG00000286025	protein_coding	FAM246C	117134596	family with sequence similarity 246 member C (gene/pseudogene) [Source:HGNC Symbol;Acc:HGNC:54842]	22	19029524	19031242	1
ENSG00000286067	ENSG00000286067	9	ENSG00000286067	lncRNA		NA	novel transcript, antisense to PXN	12	120218070	120222668	1
ENSG00000286155	ENSG00000286155	9	ENSG00000286155	TEC		NA	TEC	21	8235354	8235832	1
ENSG00000286223	ENSG00000286223	9	ENSG00000286223	lncRNA		NA	novel transcript, antisense to NOP58	2	202302122	202303614	-1
ENSG00000286305	ENSG00000286305	9	ENSG00000286305	lncRNA		NA	novel transcript, antisense to TRRAP	7	98989867	98993778	-1
ENSG00000286360	ENSG00000286360	9	ENSG00000286360	lncRNA		NA	novel transcript, antisense to CCT4	2	61878940	61881353	1
ENSG00000286379	ENSG00000286379	9	ENSG00000286379	lncRNA		NA	novel transcript	1	36329630	36335406	1
ENSG00000286545	ENSG00000286545	9	ENSG00000286545	lncRNA		NA	novel transcript, antisense to ZC3H8	2	112239621	112244375	1
ENSG00000286584	ENSG00000286584	9	ENSG00000286584	lncRNA		NA	novel transcript, antisense to COX17	3	119666232	119670696	1
ENSG00000286786	ENSG00000286786	9	ENSG00000286786	lncRNA		NA	novel transcript, antisense to RASGRP1	15	38493308	38499985	1
ENSG00000286817	ENSG00000286817	9	ENSG00000286817	lncRNA		NA	novel transcript	15	82749252	82750455	-1
ENSG00000286970	ENSG00000286970	9	ENSG00000286970	lncRNA		NA	novel transcript, antisense to ANKH	5	14728587	14734258	1
ENSG00000286977	ENSG00000286977	9	ENSG00000286977	lncRNA		NA	novel transcript	X	57222706	57224791	1
ENSG00000287202	ENSG00000287202	9	ENSG00000287202	lncRNA		NA	novel transcript, antisense to SART3	12	108532074	108539738	1
ENSG00000287542	ENSG00000287542	9	ENSG00000287542	protein_coding	HERC3	8916	HECT and RLD domain containing E3 ubiquitin protein ligase 3 [Source:NCBI gene (formerly Entrezgene);Acc:8916]	4	88523810	88708450	1
ENSG00000287584	ENSG00000287584	9	ENSG00000287584	lncRNA		NA	novel transcript	7	39621253	39623201	-1
ENSG00000287608	ENSG00000287608	9	ENSG00000287608	lncRNA		NA	novel transcript, antisense to ZNF761and ZNF813	19	53434661	53473936	-1
ENSG00000287735	ENSG00000287735	9	ENSG00000287735	lncRNA		NA	novel transcript, antisense to CCNB1IP1	14	20317949	20319707	1
ENSG00000287809	ENSG00000287809	9	ENSG00000287809	lncRNA		NA	novel transcript	16	21511635	21515131	1
ENSG00000288065	ENSG00000288065	9	ENSG00000288065	lncRNA		NA	novel transcript, antisense to MCEE	2	71112877	71117406	1
ENSG00000288349	ENSG00000288349	9	ENSG00000288349	processed_pseudogene		NA	POM121 transmembrane nucleoporin C (POM121C) pseudogene	5	70775506	70778475	-1
